timestamp,facultyId,termCode,termLabel,classId,classLabel,rating,desireRating
2025-11-23 11:56:29,Apple.Jack@dsu.edu,202510,Spring 2025,ARTD 339-D01,ARTD 339-D01 - Computer Graphics Design,3,4
2025-11-23 11:56:37,Apple.Jack@dsu.edu,202510,Spring 2025,BIOL 103-D01,BIOL 103-D01 - Biology Survey II,3,3
2025-11-23 12:00:07,Apple.Jack@dsu.edu,202510,Spring 2025,ARTH 212-DT1,ARTH 212-DT1 - History of World Art II,2,3
2025-11-23 12:00:27,Apple.Jack@dsu.edu,202510,Spring 2025,BADM 111-D01,BADM 111-D01 - Individual Financial Management,4,1
2025-11-23 12:00:52,Apple.Jack@dsu.edu,202510,Spring 2025,LIBM 205-DT1,LIBM 205-DT1 - Children&#39;s Literature,4,2
2025-11-23 12:01:00,Apple.Jack@dsu.edu,202510,Spring 2025,INFS 898D-DT0,INFS 898D-DT0 - Dissertation,2,2
2025-11-23 12:01:11,Apple.Jack@dsu.edu,202510,Spring 2025,DAD 494-DZ1,DAD 494-DZ1 - Internship,1,1
2025-11-23 12:01:28,Apple.Jack@dsu.edu,202510,Spring 2025,ACCT 210-D01,ACCT 210-D01 - Principles of Accounting I,4,4
2025-11-23 12:02:09,Apple.Jack@dsu.edu,202510,Spring 2025,ACCT 311-D01,ACCT 311-D01 - Intermediate Accounting II,0,0
